Target Rank,Target Score,Sequence,Gene Symbol,Gene Description,Strand,# of predicted targets,Seed
1,99,AAAGAUGUGGAAAAAUUGGAAU,ZFAND4,zinc finger AN1-type containing 4,3',550,AAGAUGU
2,97,AAAGAUGUGGAAAAAUUGGAAU,RASGEF1A,RasGEF domain family member 1A,3',550,AAGAUGU
3,97,AAAGAUGUGGAAAAAUUGGAAU,RAB14,"RAB14, member RAS oncogene family",3',550,AAGAUGU
4,97,AAAGAUGUGGAAAAAUUGGAAU,GALNT7,polypeptide N-acetylgalactosaminyltransferase 7,3',550,AAGAUGU
5,97,AAAGAUGUGGAAAAAUUGGAAU,BRI3BP,BRI3 binding protein,3',550,AAGAUGU
6,97,AAAGAUGUGGAAAAAUUGGAAU,STRN3,striatin 3,3',550,AAGAUGU
7,97,AAAGAUGUGGAAAAAUUGGAAU,SESTD1,SEC14 and spectrin domain containing 1,3',550,AAGAUGU
8,97,AAAGAUGUGGAAAAAUUGGAAU,ZFX,zinc finger protein X-linked,3',550,AAGAUGU
9,96,AAAGAUGUGGAAAAAUUGGAAU,GATM,glycine amidinotransferase,3',550,AAGAUGU
10,96,AAAGAUGUGGAAAAAUUGGAAU,PNPT1,polyribonucleotide nucleotidyltransferase 1,3',550,AAGAUGU
11,96,AAAGAUGUGGAAAAAUUGGAAU,C15orf40,chromosome 15 open reading frame 40,3',550,AAGAUGU
12,96,AAAGAUGUGGAAAAAUUGGAAU,RD3,"retinal degeneration 3, GUCY2D regulator",3',550,AAGAUGU
1,98,AUGAAGUCAGACAAAUCGCUCC,RNF11,ring finger protein 11,5',467,UGAAGUC
2,97,AUGAAGUCAGACAAAUCGCUCC,ERO1B,endoplasmic reticulum oxidoreductase 1 beta,5',467,UGAAGUC
3,96,AUGAAGUCAGACAAAUCGCUCC,RUFY3,RUN and FYVE domain containing 3,5',467,UGAAGUC
1,96,AAGAUUGCUGAUUAUAAUUAUA,CDH13,cadherin 13,3',199,AGAUUGC
1,97,UAUGAGCAGUAUAUAAAAUGGC,UBE2D3,ubiquitin conjugating enzyme E2 D3,5',377,AUGAGCA
2,96,UAUGAGCAGUAUAUAAAAUGGC,NELL1,neural EGFL like 1,5',377,AUGAGCA
1,98,UCAUUACUUCAGGUGAUGGCAC,ZIC2,Zic family member 2,5',435,CAUUACU
2,96,UCAUUACUUCAGGUGAUGGCAC,PIAS2,protein inhibitor of activated STAT 2,5',435,CAUUACU
3,96,UCAUUACUUCAGGUGAUGGCAC,LHX9,LIM homeobox 9,5',435,CAUUACU
1,100,AUAGUGUUUAUAACACUUUGCU,MAP4K3,mitogen-activated protein kinase kinase kinase kinase 3,5',656,UAGUGUU
2,99,AUAGUGUUUAUAACACUUUGCU,MOSMO,modulator of smoothened,5',656,UAGUGUU
3,99,AUAGUGUUUAUAACACUUUGCU,RGL2,ral guanine nucleotide dissociation stimulator like 2,5',656,UAGUGUU
4,99,AUAGUGUUUAUAACACUUUGCU,FRS2,fibroblast growth factor receptor substrate 2,5',656,UAGUGUU
5,99,AUAGUGUUUAUAACACUUUGCU,HSBP1,heat shock factor binding protein 1,5',656,UAGUGUU
6,98,AUAGUGUUUAUAACACUUUGCU,C2CD2,C2 calcium dependent domain containing 2,5',656,UAGUGUU
7,98,AUAGUGUUUAUAACACUUUGCU,SOS1,SOS Ras/Rac guanine nucleotide exchange factor 1,5',656,UAGUGUU
8,98,AUAGUGUUUAUAACACUUUGCU,KCTD3,potassium channel tetramerization domain containing 3,5',656,UAGUGUU
9,98,AUAGUGUUUAUAACACUUUGCU,KMT2A,lysine methyltransferase 2A,5',656,UAGUGUU
10,97,AUAGUGUUUAUAACACUUUGCU,PKN2,protein kinase N2,5',656,UAGUGUU
11,97,AUAGUGUUUAUAACACUUUGCU,ASH1L,ASH1 like histone lysine methyltransferase,5',656,UAGUGUU
12,97,AUAGUGUUUAUAACACUUUGCU,CFL2,cofilin 2,5',656,UAGUGUU
13,97,AUAGUGUUUAUAACACUUUGCU,CMTM4,CKLF like MARVEL transmembrane domain containing 4,5',656,UAGUGUU
14,97,AUAGUGUUUAUAACACUUUGCU,CPEB2,cytoplasmic polyadenylation element binding protein 2,5',656,UAGUGUU
15,97,AUAGUGUUUAUAACACUUUGCU,YAE1,"YAE1, ABCE1 maturation factor",5',656,UAGUGUU
16,97,AUAGUGUUUAUAACACUUUGCU,SPAG9,sperm associated antigen 9,5',656,UAGUGUU
17,97,AUAGUGUUUAUAACACUUUGCU,RHOQ,ras homolog family member Q,5',656,UAGUGUU
18,97,AUAGUGUUUAUAACACUUUGCU,JADE1,jade family PHD finger 1,5',656,UAGUGUU
19,97,AUAGUGUUUAUAACACUUUGCU,TMEM181,transmembrane protein 181,5',656,UAGUGUU
20,97,AUAGUGUUUAUAACACUUUGCU,FNDC3B,fibronectin type III domain containing 3B,5',656,UAGUGUU
21,96,AUAGUGUUUAUAACACUUUGCU,TNFRSF1A,TNF receptor superfamily member 1A,5',656,UAGUGUU
22,96,AUAGUGUUUAUAACACUUUGCU,ATF7,activating transcription factor 7,5',656,UAGUGUU
23,96,AUAGUGUUUAUAACACUUUGCU,LHFPL5,LHFPL tetraspan subfamily member 5,5',656,UAGUGUU
24,96,AUAGUGUUUAUAACACUUUGCU,PGM3,phosphoglucomutase 3,5',656,UAGUGUU
25,96,AUAGUGUUUAUAACACUUUGCU,TSC22D2,TSC22 domain family member 2,5',656,UAGUGUU
26,96,AUAGUGUUUAUAACACUUUGCU,SAMD8,sterile alpha motif domain containing 8,5',656,UAGUGUU
27,96,AUAGUGUUUAUAACACUUUGCU,SH2B3,SH2B adaptor protein 3,5',656,UAGUGUU
28,96,AUAGUGUUUAUAACACUUUGCU,UBP1,upstream binding protein 1,5',656,UAGUGUU
29,96,AUAGUGUUUAUAACACUUUGCU,CTLA4,cytotoxic T-lymphocyte associated protein 4,5',656,UAGUGUU
