Rank,Name,Orientation,Start,Apex,Size,Score,Sub,HPs,Rep,HPs.1,Wind.Cnt.Abs.,Wind.Cnt.Rel.,Sequence,mfe,mfeis,class
26,MD12,Direct,2310,2348,75,182.5,0,0,1,1,,,TAAATAAATTTTTGGCTTTGTGTGCTGACTCTATCATTATTGGTGGAGCTAAACTTAAAGCCTTGAATTTAGGTG,-24.899999618530273,-0.995999984741211,Real
18,MD13,Direct,2826,2864,79,189.7,0,0,1,1,,,ATGAGAAGTGCTCTGCCTATACAGTTGAACTCGGTACAGAAGTAAATGAGTTCGCCTGTGTTGTGGCAGATGCTGTCAT,-31.899999618530273,-0.8861111005147299,Real
12,MD56,Direct,9814,9858,91,194.4,1,0,1,3,,,TTTGTTAAATAAAGAAATGTATCTAAAGTTGCGTAGTGATGTGCTATTACCTCTTACGCAATATAATAGATACTTAGCTCTTTATAATAAG,-23.600000381469727,-0.944000015258789,Real
17,MD65,Direct,11241,11286,89,190.7,0,0,2,2,,,GGGTGATGCGTATTATGACATGGTTGGATATGGTTGATACTAGTTTGTCTGGTTTTAAGCTAAAAGACTGTGTTATGTATGCATCAGCT,-35.29999923706055,-1.0382352716782515,Real
3,MD101,Direct,19413,19460,91,218.4,1,0,1,2,,,AGTAGTGTCAGATATAGATTATGTACCACTAAAGTCTGCTACGTGTATAACACGTTGCAATTTAGGTGGTGCTGTCTGTAGACATCATGCT,-35.29999923706055,-0.9805555343627931,Real
86,MD105,Direct,20264,20309,91,149.2,2,0,1,3,,,AATTAGCTATGGATGAATTCATTGAACGGTATAAATTAGAAGGCTATGCCTTCGAACATATCGTTTATGGAGATTTTAGTCATAGTCAGTT,-28.0,-0.9333333333333333,Pseudo
79,MR6,Reverse,1603,1652,89,152.7,0,0,1,1,,,TAATGGCGATCTCTTCATTAAGTTTAAAGTCACCAACAATATTGATGTTGACTTTCTCTTTTTGGAGTATTTCAAGAAGGTTGTCATTA,-24.700000762939453,-0.8821428843906949,Pseudo
16,MR34,Reverse,14989,15028,82,191.4,1,0,2,3,,,GATTCATTTGAGTTATAGTAGGGATGACATTACGTTTTGTATATGCGAAAAGTGCATCTTGATCCTCATAACTCATTGAATC,-24.100000381469727,-0.8607142993382044,Real
192,MR40,Reverse,16450,16482,75,121.0,0,0,1,1,,,TGTATTTTTATATAAACCAAAAACTTGTCCATTAGCACACAATGGAAAACTAATGGGTGGTTTATGTGATTTACA,-19.0,-0.8636363636363638,Real
34,MR70,Reverse,26059,26096,80,174.1,1,0,2,3,,,ATTGTGTGAATTTGGACATGTTCTTCAGGCTCATCAACAATTTTATTGTAGATGAAGAAGGTAACATGTTCAACACCAGT,-25.0,-0.8928571428571429,Real
